openml_id,mode,exit_code,status,n_samples,n_unassigned,coverage,true_k,requested_k,k_hat,predicted_k,ari,kmeans_ari,delta_vs_kmeans,runtime_seconds,lapd_commit,embedding_variant
14,estimate,0,complete,2000,0,1.000000,10,,4,4,0.061779,0.505635,-0.443855,14.837251,d678a0baa2a4d9b0134ff1719c80c42e78eda108,scaled
14,known,0,complete,2000,0,1.000000,10,10.000000,7,7,0.252689,0.505635,-0.252945,14.301539,d678a0baa2a4d9b0134ff1719c80c42e78eda108,scaled
15,estimate,0,unassigned_predictions,699,235,0.663805,2,,10,10,,0.812814,,10.885265,d678a0baa2a4d9b0134ff1719c80c42e78eda108,scaled
15,known,0,complete,699,0,1.000000,2,2.000000,2,2,-0.039141,0.812814,-0.851955,11.456477,d678a0baa2a4d9b0134ff1719c80c42e78eda108,scaled
16,estimate,0,complete,2000,0,1.000000,10,,2,2,0.038200,0.740286,-0.702086,14.104058,d678a0baa2a4d9b0134ff1719c80c42e78eda108,scaled
16,known,0,complete,2000,0,1.000000,10,10.000000,9,9,0.209075,0.740286,-0.531211,14.443413,d678a0baa2a4d9b0134ff1719c80c42e78eda108,scaled
18,estimate,0,complete,2000,0,1.000000,10,,5,5,0.361265,0.515612,-0.154347,15.122727,d678a0baa2a4d9b0134ff1719c80c42e78eda108,scaled
18,known,0,complete,2000,0,1.000000,10,10.000000,10,10,0.419252,0.515612,-0.096359,14.471004,d678a0baa2a4d9b0134ff1719c80c42e78eda108,scaled
22,estimate,0,complete,2000,0,1.000000,10,,2,2,0.000661,0.560669,-0.560008,14.765722,d678a0baa2a4d9b0134ff1719c80c42e78eda108,scaled
22,known,0,complete,2000,0,1.000000,10,10.000000,7,7,0.147110,0.560669,-0.413559,14.289665,d678a0baa2a4d9b0134ff1719c80c42e78eda108,scaled
35,estimate,0,complete,366,0,1.000000,6,,2,2,0.206727,0.851236,-0.644508,10.205579,d678a0baa2a4d9b0134ff1719c80c42e78eda108,scaled
35,known,0,complete,366,0,1.000000,6,6.000000,6,6,0.706659,0.851236,-0.144577,10.165066,d678a0baa2a4d9b0134ff1719c80c42e78eda108,scaled
51,estimate,0,complete,294,0,1.000000,2,,2,2,-0.008595,0.436568,-0.445162,10.425095,d678a0baa2a4d9b0134ff1719c80c42e78eda108,scaled
51,known,0,complete,294,0,1.000000,2,2.000000,2,2,-0.008595,0.436568,-0.445162,9.931903,d678a0baa2a4d9b0134ff1719c80c42e78eda108,scaled
53,estimate,0,complete,270,0,1.000000,2,,2,2,0.192226,0.357634,-0.165408,9.966633,d678a0baa2a4d9b0134ff1719c80c42e78eda108,scaled
53,known,0,complete,270,0,1.000000,2,2.000000,2,2,0.192226,0.357634,-0.165408,9.934877,d678a0baa2a4d9b0134ff1719c80c42e78eda108,scaled
56,estimate,0,unassigned_predictions,435,2,0.995402,2,,8,7,,0.641866,,10.262093,d678a0baa2a4d9b0134ff1719c80c42e78eda108,scaled
56,known,0,complete,435,0,1.000000,2,2.000000,2,2,0.058215,0.641866,-0.583651,10.040594,d678a0baa2a4d9b0134ff1719c80c42e78eda108,scaled
61,estimate,0,complete,150,0,1.000000,3,,2,2,0.568116,0.851457,-0.283341,9.731859,d678a0baa2a4d9b0134ff1719c80c42e78eda108,scaled
61,known,0,complete,150,0,1.000000,3,3.000000,3,3,0.548465,0.851457,-0.302992,9.461297,d678a0baa2a4d9b0134ff1719c80c42e78eda108,scaled
187,estimate,0,complete,178,0,1.000000,3,,3,3,0.169313,0.881950,-0.712637,10.493950,d678a0baa2a4d9b0134ff1719c80c42e78eda108,scaled
187,known,0,complete,178,0,1.000000,3,3.000000,3,3,0.169313,0.881950,-0.712637,9.528080,d678a0baa2a4d9b0134ff1719c80c42e78eda108,scaled
377,estimate,0,complete,600,0,1.000000,6,,2,2,0.141834,0.552958,-0.411124,10.449745,d678a0baa2a4d9b0134ff1719c80c42e78eda108,scaled
377,known,0,unassigned_predictions,600,119,0.801667,6,6.000000,6,6,,0.552958,,11.095233,d678a0baa2a4d9b0134ff1719c80c42e78eda108,scaled
458,estimate,0,complete,841,0,1.000000,4,,3,3,0.497960,0.991939,-0.493979,11.626733,d678a0baa2a4d9b0134ff1719c80c42e78eda108,scaled
458,known,0,complete,841,0,1.000000,4,4.000000,4,4,0.488541,0.991939,-0.503397,11.104882,d678a0baa2a4d9b0134ff1719c80c42e78eda108,scaled
481,estimate,0,complete,209,0,1.000000,2,,2,2,-0.035644,0.086809,-0.122453,10.402935,d678a0baa2a4d9b0134ff1719c80c42e78eda108,scaled
481,known,0,complete,209,0,1.000000,2,2.000000,2,2,-0.035644,0.086809,-0.122453,9.686785,d678a0baa2a4d9b0134ff1719c80c42e78eda108,scaled
694,estimate,0,complete,310,0,1.000000,9,,7,7,0.436696,0.333761,0.102935,9.826752,d678a0baa2a4d9b0134ff1719c80c42e78eda108,scaled
694,known,0,complete,310,0,1.000000,9,9.000000,9,9,0.552800,0.333761,0.219039,10.270959,d678a0baa2a4d9b0134ff1719c80c42e78eda108,scaled
721,estimate,0,complete,200,0,1.000000,2,,2,2,0.432764,0.432764,0.000000,9.321817,d678a0baa2a4d9b0134ff1719c80c42e78eda108,scaled
721,known,0,complete,200,0,1.000000,2,2.000000,2,2,0.432764,0.432764,0.000000,9.769391,d678a0baa2a4d9b0134ff1719c80c42e78eda108,scaled
733,estimate,0,complete,209,0,1.000000,2,,2,2,0.216227,0.749689,-0.533462,10.520853,d678a0baa2a4d9b0134ff1719c80c42e78eda108,scaled
733,known,0,complete,209,0,1.000000,2,2.000000,2,2,0.216227,0.749689,-0.533462,9.943276,d678a0baa2a4d9b0134ff1719c80c42e78eda108,scaled
745,estimate,0,complete,159,0,1.000000,2,,2,2,0.033923,0.738517,-0.704594,9.270968,d678a0baa2a4d9b0134ff1719c80c42e78eda108,scaled
745,known,0,complete,159,0,1.000000,2,2.000000,2,2,0.033923,0.738517,-0.704594,10.119965,d678a0baa2a4d9b0134ff1719c80c42e78eda108,scaled
756,estimate,0,complete,159,0,1.000000,2,,2,2,0.503054,0.503054,0.000000,9.304191,d678a0baa2a4d9b0134ff1719c80c42e78eda108,scaled
756,known,0,complete,159,0,1.000000,2,2.000000,2,2,0.503054,0.503054,0.000000,9.562824,d678a0baa2a4d9b0134ff1719c80c42e78eda108,scaled
796,estimate,0,complete,209,0,1.000000,2,,6,6,0.067062,0.139907,-0.072845,9.421465,d678a0baa2a4d9b0134ff1719c80c42e78eda108,scaled
796,known,0,unassigned_predictions,209,1,0.995215,2,2.000000,2,2,,0.139907,,9.629018,d678a0baa2a4d9b0134ff1719c80c42e78eda108,scaled
820,estimate,0,complete,235,0,1.000000,2,,2,2,-0.030547,0.288664,-0.319212,9.424432,d678a0baa2a4d9b0134ff1719c80c42e78eda108,scaled
820,known,0,complete,235,0,1.000000,2,2.000000,2,2,-0.030547,0.288664,-0.319212,9.730294,d678a0baa2a4d9b0134ff1719c80c42e78eda108,scaled
840,estimate,0,complete,205,0,1.000000,2,,3,3,-0.035483,0.276564,-0.312047,9.956120,d678a0baa2a4d9b0134ff1719c80c42e78eda108,scaled
840,known,0,unassigned_predictions,205,8,0.960976,2,2.000000,2,2,,0.276564,,9.665606,d678a0baa2a4d9b0134ff1719c80c42e78eda108,scaled
854,estimate,0,complete,158,0,1.000000,2,,6,6,0.356804,0.761353,-0.404548,9.264208,d678a0baa2a4d9b0134ff1719c80c42e78eda108,scaled
854,known,0,complete,158,0,1.000000,2,2.000000,2,2,0.201491,0.761353,-0.559862,9.482466,d678a0baa2a4d9b0134ff1719c80c42e78eda108,scaled
1462,estimate,0,complete,1372,0,1.000000,2,,6,6,0.721235,0.922772,-0.201537,12.960973,d678a0baa2a4d9b0134ff1719c80c42e78eda108,scaled
1462,known,0,unassigned_predictions,1372,399,0.709184,2,2.000000,2,2,,0.922772,,12.795268,d678a0baa2a4d9b0134ff1719c80c42e78eda108,scaled
1495,estimate,0,complete,250,0,1.000000,2,,14,13,0.192652,0.073465,0.119188,9.600247,d678a0baa2a4d9b0134ff1719c80c42e78eda108,scaled
1495,known,0,complete,250,0,1.000000,2,2.000000,4,4,0.158819,0.073465,0.085355,9.964425,d678a0baa2a4d9b0134ff1719c80c42e78eda108,scaled
1499,estimate,0,complete,210,0,1.000000,3,,2,2,0.482138,0.823970,-0.341832,9.810032,d678a0baa2a4d9b0134ff1719c80c42e78eda108,scaled
1499,known,0,complete,210,0,1.000000,3,3.000000,3,3,0.585505,0.823970,-0.238465,9.397298,d678a0baa2a4d9b0134ff1719c80c42e78eda108,scaled
1510,estimate,0,complete,569,0,1.000000,2,,3,3,0.604028,0.742590,-0.138562,10.671580,d678a0baa2a4d9b0134ff1719c80c42e78eda108,scaled
1510,known,0,unassigned_predictions,569,297,0.478032,2,2.000000,2,2,,0.742590,,11.030430,d678a0baa2a4d9b0134ff1719c80c42e78eda108,scaled
1523,estimate,0,complete,310,0,1.000000,3,,6,6,0.122557,0.195950,-0.073393,10.763322,d678a0baa2a4d9b0134ff1719c80c42e78eda108,scaled
1523,known,0,unassigned_predictions,310,25,0.919355,3,3.000000,3,3,,0.195950,,9.942756,d678a0baa2a4d9b0134ff1719c80c42e78eda108,scaled
4153,estimate,0,complete,180,0,1.000000,6,,3,3,0.465397,0.622914,-0.157516,9.970333,d678a0baa2a4d9b0134ff1719c80c42e78eda108,scaled
4153,known,0,complete,180,0,1.000000,6,6.000000,5,5,0.598804,0.622914,-0.024109,9.681259,d678a0baa2a4d9b0134ff1719c80c42e78eda108,scaled
40496,estimate,0,complete,500,0,1.000000,10,,13,13,0.286240,0.322457,-0.036218,11.702568,d678a0baa2a4d9b0134ff1719c80c42e78eda108,scaled
40496,known,0,complete,500,0,1.000000,10,10.000000,10,10,0.257530,0.322457,-0.064927,11.830605,d678a0baa2a4d9b0134ff1719c80c42e78eda108,scaled
40682,estimate,0,complete,215,0,1.000000,3,,3,3,0.531511,0.531511,0.000000,9.360380,d678a0baa2a4d9b0134ff1719c80c42e78eda108,scaled
40682,known,0,complete,215,0,1.000000,3,3.000000,3,3,0.531511,0.531511,0.000000,9.939336,d678a0baa2a4d9b0134ff1719c80c42e78eda108,scaled
40705,estimate,0,complete,959,0,1.000000,2,,3,3,0.389601,0.454505,-0.064904,11.435912,d678a0baa2a4d9b0134ff1719c80c42e78eda108,scaled
40705,known,0,unassigned_predictions,959,595,0.379562,2,2.000000,2,2,,0.454505,,12.462978,d678a0baa2a4d9b0134ff1719c80c42e78eda108,scaled
42261,estimate,0,complete,150,0,1.000000,3,,2,2,0.568116,0.851457,-0.283341,9.539231,d678a0baa2a4d9b0134ff1719c80c42e78eda108,scaled
42261,known,0,complete,150,0,1.000000,3,3.000000,3,3,0.903874,0.851457,0.052417,9.982758,d678a0baa2a4d9b0134ff1719c80c42e78eda108,scaled
42585,estimate,0,complete,344,0,1.000000,3,,4,4,0.614401,0.950540,-0.336139,11.016587,d678a0baa2a4d9b0134ff1719c80c42e78eda108,scaled
42585,known,0,complete,344,0,1.000000,3,3.000000,3,3,0.761325,0.950540,-0.189215,9.563501,d678a0baa2a4d9b0134ff1719c80c42e78eda108,scaled
