openml_id,paper_km,paper_zeus
14,38.74,50.56
15,82.85,81.28
16,55.62,74.03
18,54.86,51.63
22,35.48,56.05
35,70.68,85.12
51,28.35,43.66
53,45.21,35.76
56,57.79,66.41
61,62.01,85.15
187,89.75,88.19
377,56.70,55.30
458,95.08,99.19
481,58.51,8.68
694,35.91,33.38
721,43.28,43.28
733,50.97,74.97
745,57.63,73.85
756,55.70,50.31
796,49.62,13.99
820,50.16,28.87
840,39.05,27.66
854,76.14,76.14
1462,1.32,92.28
1495,96.81,7.35
1499,77.33,82.40
1510,67.07,74.26
1523,21.16,19.60
4153,55.78,62.29
40496,54.02,32.25
40682,58.32,53.15
40705,43.49,45.45
42261,62.01,85.15
42585,60.84,95.05
