openml_id,method,n_samples,processed_dim,model_input_dim,embedding_dim,n_clusters,cluster_count_source,seed,n_init,source_commit,weight_id,ari
61,features,150,4,30,512,3,true labels,42,100,3f75d280fe7edbe12fb1a80b4058b010af115e65,zeus.pt epoch 160,0.7163421126838476
61,scaled_zeus,150,4,30,512,3,true labels,42,100,3f75d280fe7edbe12fb1a80b4058b010af115e65,zeus.pt epoch 160,0.851456931395815
14,features,2000,76,30,512,10,true labels,42,100,3f75d280fe7edbe12fb1a80b4058b010af115e65,zeus.pt epoch 160,0.46783947586712843
14,scaled_zeus,2000,76,30,512,10,true labels,42,100,3f75d280fe7edbe12fb1a80b4058b010af115e65,zeus.pt epoch 160,0.505634549337214
15,features,699,9,30,512,2,true labels,42,100,3f75d280fe7edbe12fb1a80b4058b010af115e65,zeus.pt epoch 160,0.8337222510377794
15,scaled_zeus,699,9,30,512,2,true labels,42,100,3f75d280fe7edbe12fb1a80b4058b010af115e65,zeus.pt epoch 160,0.8128136962297344
16,features,2000,64,30,512,10,true labels,42,100,3f75d280fe7edbe12fb1a80b4058b010af115e65,zeus.pt epoch 160,0.589595875671884
16,scaled_zeus,2000,64,30,512,10,true labels,42,100,3f75d280fe7edbe12fb1a80b4058b010af115e65,zeus.pt epoch 160,0.7402858984009316
18,features,2000,6,30,512,10,true labels,42,100,3f75d280fe7edbe12fb1a80b4058b010af115e65,zeus.pt epoch 160,0.5557357512970194
18,scaled_zeus,2000,6,30,512,10,true labels,42,100,3f75d280fe7edbe12fb1a80b4058b010af115e65,zeus.pt epoch 160,0.5156116602879799
22,features,2000,47,30,512,10,true labels,42,100,3f75d280fe7edbe12fb1a80b4058b010af115e65,zeus.pt epoch 160,0.43558412918514666
22,scaled_zeus,2000,47,30,512,10,true labels,42,100,3f75d280fe7edbe12fb1a80b4058b010af115e65,zeus.pt epoch 160,0.5606688032877719
458,features,841,70,30,512,4,true labels,42,100,3f75d280fe7edbe12fb1a80b4058b010af115e65,zeus.pt epoch 160,0.9587514204309167
458,scaled_zeus,841,70,30,512,4,true labels,42,100,3f75d280fe7edbe12fb1a80b4058b010af115e65,zeus.pt epoch 160,0.9919386191143185
1510,features,569,30,30,512,2,true labels,42,100,3f75d280fe7edbe12fb1a80b4058b010af115e65,zeus.pt epoch 160,0.7301749027614344
1510,scaled_zeus,569,30,30,512,2,true labels,42,100,3f75d280fe7edbe12fb1a80b4058b010af115e65,zeus.pt epoch 160,0.7425903043586647
35,features,366,130,30,512,6,true labels,42,100,3f75d280fe7edbe12fb1a80b4058b010af115e65,zeus.pt epoch 160,0.9370700092180397
35,scaled_zeus,366,130,30,512,6,true labels,42,100,3f75d280fe7edbe12fb1a80b4058b010af115e65,zeus.pt epoch 160,0.8512355027053646
53,features,270,13,30,512,2,true labels,42,100,3f75d280fe7edbe12fb1a80b4058b010af115e65,zeus.pt epoch 160,0.3487637582274
53,scaled_zeus,270,13,30,512,2,true labels,42,100,3f75d280fe7edbe12fb1a80b4058b010af115e65,zeus.pt epoch 160,0.3576338597185636
56,features,435,32,30,512,2,true labels,42,100,3f75d280fe7edbe12fb1a80b4058b010af115e65,zeus.pt epoch 160,0.577908039982872
56,scaled_zeus,435,32,30,512,2,true labels,42,100,3f75d280fe7edbe12fb1a80b4058b010af115e65,zeus.pt epoch 160,0.6418658006147312
187,features,178,13,30,512,3,true labels,42,100,3f75d280fe7edbe12fb1a80b4058b010af115e65,zeus.pt epoch 160,0.8685425493202144
187,scaled_zeus,178,13,30,512,3,true labels,42,100,3f75d280fe7edbe12fb1a80b4058b010af115e65,zeus.pt epoch 160,0.8819496284707922
377,features,600,60,30,512,6,true labels,42,100,3f75d280fe7edbe12fb1a80b4058b010af115e65,zeus.pt epoch 160,0.5847085689350047
377,scaled_zeus,600,60,30,512,6,true labels,42,100,3f75d280fe7edbe12fb1a80b4058b010af115e65,zeus.pt epoch 160,0.5529582472165463
481,features,209,14,30,512,2,true labels,42,100,3f75d280fe7edbe12fb1a80b4058b010af115e65,zeus.pt epoch 160,0.031109737227424154
481,scaled_zeus,209,14,30,512,2,true labels,42,100,3f75d280fe7edbe12fb1a80b4058b010af115e65,zeus.pt epoch 160,0.0868086723597183
694,features,310,8,30,512,9,true labels,42,100,3f75d280fe7edbe12fb1a80b4058b010af115e65,zeus.pt epoch 160,0.3586104382576395
694,scaled_zeus,310,8,30,512,9,true labels,42,100,3f75d280fe7edbe12fb1a80b4058b010af115e65,zeus.pt epoch 160,0.3337608900614209
721,features,200,10,30,512,2,true labels,42,100,3f75d280fe7edbe12fb1a80b4058b010af115e65,zeus.pt epoch 160,0.4327635841853181
721,scaled_zeus,200,10,30,512,2,true labels,42,100,3f75d280fe7edbe12fb1a80b4058b010af115e65,zeus.pt epoch 160,0.4327635841853181
733,features,209,6,30,512,2,true labels,42,100,3f75d280fe7edbe12fb1a80b4058b010af115e65,zeus.pt epoch 160,0.6542351853961743
733,scaled_zeus,209,6,30,512,2,true labels,42,100,3f75d280fe7edbe12fb1a80b4058b010af115e65,zeus.pt epoch 160,0.7496894310675088
745,features,159,20,30,512,2,true labels,42,100,3f75d280fe7edbe12fb1a80b4058b010af115e65,zeus.pt epoch 160,0.5572470140250162
745,scaled_zeus,159,20,30,512,2,true labels,42,100,3f75d280fe7edbe12fb1a80b4058b010af115e65,zeus.pt epoch 160,0.7385165831489781
756,features,159,15,30,512,2,true labels,42,100,3f75d280fe7edbe12fb1a80b4058b010af115e65,zeus.pt epoch 160,0.519979316644388
756,scaled_zeus,159,15,30,512,2,true labels,42,100,3f75d280fe7edbe12fb1a80b4058b010af115e65,zeus.pt epoch 160,0.5030538697248181
796,features,209,36,30,512,2,true labels,42,100,3f75d280fe7edbe12fb1a80b4058b010af115e65,zeus.pt epoch 160,0.8792808121734974
796,scaled_zeus,209,36,30,512,2,true labels,42,100,3f75d280fe7edbe12fb1a80b4058b010af115e65,zeus.pt epoch 160,0.1399070160158793
820,features,235,12,30,512,2,true labels,42,100,3f75d280fe7edbe12fb1a80b4058b010af115e65,zeus.pt epoch 160,0.48945097728258585
820,scaled_zeus,235,12,30,512,2,true labels,42,100,3f75d280fe7edbe12fb1a80b4058b010af115e65,zeus.pt epoch 160,0.28866445471319235
840,features,205,68,30,512,2,true labels,42,100,3f75d280fe7edbe12fb1a80b4058b010af115e65,zeus.pt epoch 160,0.009652554494518163
840,scaled_zeus,205,68,30,512,2,true labels,42,100,3f75d280fe7edbe12fb1a80b4058b010af115e65,zeus.pt epoch 160,0.27656402122045376
854,features,158,14,30,512,2,true labels,42,100,3f75d280fe7edbe12fb1a80b4058b010af115e65,zeus.pt epoch 160,0.12373537557226022
854,scaled_zeus,158,14,30,512,2,true labels,42,100,3f75d280fe7edbe12fb1a80b4058b010af115e65,zeus.pt epoch 160,0.7613527630204975
1495,features,250,18,30,512,2,true labels,42,100,3f75d280fe7edbe12fb1a80b4058b010af115e65,zeus.pt epoch 160,0.9681195126655944
1495,scaled_zeus,250,18,30,512,2,true labels,42,100,3f75d280fe7edbe12fb1a80b4058b010af115e65,zeus.pt epoch 160,0.07346479835604788
1499,features,210,7,30,512,3,true labels,42,100,3f75d280fe7edbe12fb1a80b4058b010af115e65,zeus.pt epoch 160,0.7048605249026285
1499,scaled_zeus,210,7,30,512,3,true labels,42,100,3f75d280fe7edbe12fb1a80b4058b010af115e65,zeus.pt epoch 160,0.8239704656800537
1523,features,310,6,30,512,3,true labels,42,100,3f75d280fe7edbe12fb1a80b4058b010af115e65,zeus.pt epoch 160,0.20983210488827922
1523,scaled_zeus,310,6,30,512,3,true labels,42,100,3f75d280fe7edbe12fb1a80b4058b010af115e65,zeus.pt epoch 160,0.19595002735366504
4153,features,180,66,30,512,6,true labels,42,100,3f75d280fe7edbe12fb1a80b4058b010af115e65,zeus.pt epoch 160,0.5540378006872853
4153,scaled_zeus,180,66,30,512,6,true labels,42,100,3f75d280fe7edbe12fb1a80b4058b010af115e65,zeus.pt epoch 160,0.6229135020086963
40496,features,500,7,30,512,10,true labels,42,100,3f75d280fe7edbe12fb1a80b4058b010af115e65,zeus.pt epoch 160,0.5267673914915492
40496,scaled_zeus,500,7,30,512,10,true labels,42,100,3f75d280fe7edbe12fb1a80b4058b010af115e65,zeus.pt epoch 160,0.32245747248561574
40682,features,215,5,30,512,3,true labels,42,100,3f75d280fe7edbe12fb1a80b4058b010af115e65,zeus.pt epoch 160,0.6282740522291954
40682,scaled_zeus,215,5,30,512,3,true labels,42,100,3f75d280fe7edbe12fb1a80b4058b010af115e65,zeus.pt epoch 160,0.5315110453798804
40705,features,959,44,30,512,2,true labels,42,100,3f75d280fe7edbe12fb1a80b4058b010af115e65,zeus.pt epoch 160,0.3733192976599579
40705,scaled_zeus,959,44,30,512,2,true labels,42,100,3f75d280fe7edbe12fb1a80b4058b010af115e65,zeus.pt epoch 160,0.4545049824238169
42261,features,150,4,30,512,3,true labels,42,100,3f75d280fe7edbe12fb1a80b4058b010af115e65,zeus.pt epoch 160,0.7163421126838476
42261,scaled_zeus,150,4,30,512,3,true labels,42,100,3f75d280fe7edbe12fb1a80b4058b010af115e65,zeus.pt epoch 160,0.851456931395815
42585,features,344,10,30,512,3,true labels,42,100,3f75d280fe7edbe12fb1a80b4058b010af115e65,zeus.pt epoch 160,0.5396619663398416
42585,scaled_zeus,344,10,30,512,3,true labels,42,100,3f75d280fe7edbe12fb1a80b4058b010af115e65,zeus.pt epoch 160,0.9505396981320818
1462,features,1372,4,30,512,2,true labels,42,100,3f75d280fe7edbe12fb1a80b4058b010af115e65,zeus.pt epoch 160,0.020113877705229856
1462,scaled_zeus,1372,4,30,512,2,true labels,42,100,3f75d280fe7edbe12fb1a80b4058b010af115e65,zeus.pt epoch 160,0.9227717074807154
51,features,294,25,30,512,2,true labels,42,100,3f75d280fe7edbe12fb1a80b4058b010af115e65,zeus.pt epoch 160,0.38257059357361134
51,scaled_zeus,294,25,30,512,2,true labels,42,100,3f75d280fe7edbe12fb1a80b4058b010af115e65,zeus.pt epoch 160,0.43656755407336745
