openml_id,method,seed,n_clusters,n_init,ari
14,scaled_zeus,42,10,100,0.505634549337214
14,scaled_zeus,43,10,100,0.505634549337214
14,scaled_zeus,44,10,100,0.505634549337214
14,scaled_zeus,45,10,100,0.505634549337214
14,scaled_zeus,46,10,100,0.505634549337214
15,scaled_zeus,42,2,100,0.8128136962297344
15,scaled_zeus,43,2,100,0.8128136962297344
15,scaled_zeus,44,2,100,0.8128136962297344
15,scaled_zeus,45,2,100,0.8128136962297344
15,scaled_zeus,46,2,100,0.8128136962297344
16,scaled_zeus,42,10,100,0.7402858984009316
16,scaled_zeus,43,10,100,0.7402858984009316
16,scaled_zeus,44,10,100,0.7402858984009316
16,scaled_zeus,45,10,100,0.7402858984009316
16,scaled_zeus,46,10,100,0.7402858984009316
18,scaled_zeus,42,10,100,0.5156116602879799
18,scaled_zeus,43,10,100,0.5163211626201587
18,scaled_zeus,44,10,100,0.5163211626201587
18,scaled_zeus,45,10,100,0.5163211626201587
18,scaled_zeus,46,10,100,0.5163211626201587
22,scaled_zeus,42,10,100,0.5606688032877719
22,scaled_zeus,43,10,100,0.5602010801957124
22,scaled_zeus,44,10,100,0.5596166520587134
22,scaled_zeus,45,10,100,0.5606688032877719
22,scaled_zeus,46,10,100,0.5606688032877719
35,scaled_zeus,42,6,100,0.8512355027053646
35,scaled_zeus,43,6,100,0.8512355027053646
35,scaled_zeus,44,6,100,0.8512355027053646
35,scaled_zeus,45,6,100,0.8512355027053646
35,scaled_zeus,46,6,100,0.8512355027053646
51,scaled_zeus,42,2,100,0.43656755407336745
51,scaled_zeus,43,2,100,0.43656755407336745
51,scaled_zeus,44,2,100,0.43656755407336745
51,scaled_zeus,45,2,100,0.43656755407336745
51,scaled_zeus,46,2,100,0.43656755407336745
53,scaled_zeus,42,2,100,0.3576338597185636
53,scaled_zeus,43,2,100,0.3576338597185636
53,scaled_zeus,44,2,100,0.3576338597185636
53,scaled_zeus,45,2,100,0.3576338597185636
53,scaled_zeus,46,2,100,0.3576338597185636
56,scaled_zeus,42,2,100,0.6418658006147312
56,scaled_zeus,43,2,100,0.6418658006147312
56,scaled_zeus,44,2,100,0.6418658006147312
56,scaled_zeus,45,2,100,0.6418658006147312
56,scaled_zeus,46,2,100,0.6418658006147312
61,scaled_zeus,42,3,100,0.851456931395815
61,scaled_zeus,43,3,100,0.851456931395815
61,scaled_zeus,44,3,100,0.851456931395815
61,scaled_zeus,45,3,100,0.851456931395815
61,scaled_zeus,46,3,100,0.851456931395815
187,scaled_zeus,42,3,100,0.8819496284707922
187,scaled_zeus,43,3,100,0.8819496284707922
187,scaled_zeus,44,3,100,0.8819496284707922
187,scaled_zeus,45,3,100,0.8819496284707922
187,scaled_zeus,46,3,100,0.8819496284707922
377,scaled_zeus,42,6,100,0.5529582472165463
377,scaled_zeus,43,6,100,0.5529582472165463
377,scaled_zeus,44,6,100,0.5529582472165463
377,scaled_zeus,45,6,100,0.5529582472165463
377,scaled_zeus,46,6,100,0.5529582472165463
458,scaled_zeus,42,4,100,0.9919386191143185
458,scaled_zeus,43,4,100,0.9919386191143185
458,scaled_zeus,44,4,100,0.9919386191143185
458,scaled_zeus,45,4,100,0.9919386191143185
458,scaled_zeus,46,4,100,0.9919386191143185
481,scaled_zeus,42,2,100,0.0868086723597183
481,scaled_zeus,43,2,100,0.0868086723597183
481,scaled_zeus,44,2,100,0.0868086723597183
481,scaled_zeus,45,2,100,0.0868086723597183
481,scaled_zeus,46,2,100,0.0868086723597183
694,scaled_zeus,42,9,100,0.3337608900614209
694,scaled_zeus,43,9,100,0.3337608900614209
694,scaled_zeus,44,9,100,0.3337608900614209
694,scaled_zeus,45,9,100,0.3337608900614209
694,scaled_zeus,46,9,100,0.3337608900614209
721,scaled_zeus,42,2,100,0.4327635841853181
721,scaled_zeus,43,2,100,0.4327635841853181
721,scaled_zeus,44,2,100,0.4327635841853181
721,scaled_zeus,45,2,100,0.4327635841853181
721,scaled_zeus,46,2,100,0.4327635841853181
733,scaled_zeus,42,2,100,0.7496894310675088
733,scaled_zeus,43,2,100,0.7496894310675088
733,scaled_zeus,44,2,100,0.7496894310675088
733,scaled_zeus,45,2,100,0.7496894310675088
733,scaled_zeus,46,2,100,0.7496894310675088
745,scaled_zeus,42,2,100,0.7385165831489781
745,scaled_zeus,43,2,100,0.7385165831489781
745,scaled_zeus,44,2,100,0.7385165831489781
745,scaled_zeus,45,2,100,0.7385165831489781
745,scaled_zeus,46,2,100,0.7385165831489781
756,scaled_zeus,42,2,100,0.5030538697248181
756,scaled_zeus,43,2,100,0.5030538697248181
756,scaled_zeus,44,2,100,0.5030538697248181
756,scaled_zeus,45,2,100,0.5030538697248181
756,scaled_zeus,46,2,100,0.5030538697248181
796,scaled_zeus,42,2,100,0.1399070160158793
796,scaled_zeus,43,2,100,0.1399070160158793
796,scaled_zeus,44,2,100,0.1399070160158793
796,scaled_zeus,45,2,100,0.1399070160158793
796,scaled_zeus,46,2,100,0.1399070160158793
820,scaled_zeus,42,2,100,0.28866445471319235
820,scaled_zeus,43,2,100,0.28866445471319235
820,scaled_zeus,44,2,100,0.28866445471319235
820,scaled_zeus,45,2,100,0.28866445471319235
820,scaled_zeus,46,2,100,0.28866445471319235
840,scaled_zeus,42,2,100,0.27656402122045376
840,scaled_zeus,43,2,100,0.27656402122045376
840,scaled_zeus,44,2,100,0.27656402122045376
840,scaled_zeus,45,2,100,0.27656402122045376
840,scaled_zeus,46,2,100,0.27656402122045376
854,scaled_zeus,42,2,100,0.7613527630204975
854,scaled_zeus,43,2,100,0.7613527630204975
854,scaled_zeus,44,2,100,0.7613527630204975
854,scaled_zeus,45,2,100,0.7613527630204975
854,scaled_zeus,46,2,100,0.7613527630204975
1462,scaled_zeus,42,2,100,0.9227717074807154
1462,scaled_zeus,43,2,100,0.9227717074807154
1462,scaled_zeus,44,2,100,0.9227717074807154
1462,scaled_zeus,45,2,100,0.9227717074807154
1462,scaled_zeus,46,2,100,0.9227717074807154
1495,scaled_zeus,42,2,100,0.07346479835604788
1495,scaled_zeus,43,2,100,0.07346479835604788
1495,scaled_zeus,44,2,100,0.07346479835604788
1495,scaled_zeus,45,2,100,0.07346479835604788
1495,scaled_zeus,46,2,100,0.07346479835604788
1499,scaled_zeus,42,3,100,0.8239704656800537
1499,scaled_zeus,43,3,100,0.8239704656800537
1499,scaled_zeus,44,3,100,0.8239704656800537
1499,scaled_zeus,45,3,100,0.8239704656800537
1499,scaled_zeus,46,3,100,0.8239704656800537
1510,scaled_zeus,42,2,100,0.7425903043586647
1510,scaled_zeus,43,2,100,0.7425903043586647
1510,scaled_zeus,44,2,100,0.7425903043586647
1510,scaled_zeus,45,2,100,0.7425903043586647
1510,scaled_zeus,46,2,100,0.7425903043586647
1523,scaled_zeus,42,3,100,0.19595002735366504
1523,scaled_zeus,43,3,100,0.19595002735366504
1523,scaled_zeus,44,3,100,0.19595002735366504
1523,scaled_zeus,45,3,100,0.19595002735366504
1523,scaled_zeus,46,3,100,0.19595002735366504
4153,scaled_zeus,42,6,100,0.6229135020086963
4153,scaled_zeus,43,6,100,0.6229135020086963
4153,scaled_zeus,44,6,100,0.6229135020086963
4153,scaled_zeus,45,6,100,0.6229135020086963
4153,scaled_zeus,46,6,100,0.6229135020086963
40496,scaled_zeus,42,10,100,0.32245747248561574
40496,scaled_zeus,43,10,100,0.32245747248561574
40496,scaled_zeus,44,10,100,0.32245747248561574
40496,scaled_zeus,45,10,100,0.32245747248561574
40496,scaled_zeus,46,10,100,0.32245747248561574
40682,scaled_zeus,42,3,100,0.5315110453798804
40682,scaled_zeus,43,3,100,0.5315110453798804
40682,scaled_zeus,44,3,100,0.5315110453798804
40682,scaled_zeus,45,3,100,0.5315110453798804
40682,scaled_zeus,46,3,100,0.5315110453798804
40705,scaled_zeus,42,2,100,0.4545049824238169
40705,scaled_zeus,43,2,100,0.4545049824238169
40705,scaled_zeus,44,2,100,0.4545049824238169
40705,scaled_zeus,45,2,100,0.4545049824238169
40705,scaled_zeus,46,2,100,0.4545049824238169
42261,scaled_zeus,42,3,100,0.851456931395815
42261,scaled_zeus,43,3,100,0.851456931395815
42261,scaled_zeus,44,3,100,0.851456931395815
42261,scaled_zeus,45,3,100,0.851456931395815
42261,scaled_zeus,46,3,100,0.851456931395815
42585,scaled_zeus,42,3,100,0.9505396981320818
42585,scaled_zeus,43,3,100,0.9505396981320818
42585,scaled_zeus,44,3,100,0.9505396981320818
42585,scaled_zeus,45,3,100,0.9505396981320818
42585,scaled_zeus,46,3,100,0.9505396981320818
