openml_id,paper_zeus,local_zeus,local_std,delta
14,50.5600,50.5635,0.0000,0.0035
15,81.2800,81.2814,0.0000,0.0014
16,74.0300,74.0286,0.0000,-0.0014
18,51.6300,51.6179,0.0317,-0.0121
22,56.0500,56.0365,0.0465,-0.0135
35,85.1200,85.1236,0.0000,0.0036
51,43.6600,43.6568,0.0000,-0.0032
53,35.7600,35.7634,0.0000,0.0034
56,66.4100,64.1866,0.0000,-2.2234
61,85.1500,85.1457,0.0000,-0.0043
187,88.1900,88.1950,0.0000,0.0050
377,55.3000,55.2958,0.0000,-0.0042
458,99.1900,99.1939,0.0000,0.0039
481,8.6800,8.6809,0.0000,0.0009
694,33.3800,33.3761,0.0000,-0.0039
721,43.2800,43.2764,0.0000,-0.0036
733,74.9700,74.9689,0.0000,-0.0011
745,73.8500,73.8517,0.0000,0.0017
756,50.3100,50.3054,0.0000,-0.0046
796,13.9900,13.9907,0.0000,0.0007
820,28.8700,28.8664,0.0000,-0.0036
840,27.6600,27.6564,0.0000,-0.0036
854,76.1400,76.1353,0.0000,-0.0047
1462,92.2800,92.2772,0.0000,-0.0028
1495,7.3500,7.3465,0.0000,-0.0035
1499,82.4000,82.3970,0.0000,-0.0030
1510,74.2600,74.2590,0.0000,-0.0010
1523,19.6000,19.5950,0.0000,-0.0050
4153,62.2900,62.2914,0.0000,0.0014
40496,32.2500,32.2457,0.0000,-0.0043
40682,53.1500,53.1511,0.0000,0.0011
40705,45.4500,45.4505,0.0000,0.0005
42261,85.1500,85.1457,0.0000,-0.0043
42585,95.0500,95.0540,0.0000,0.0040
